<?xml version="1.0" encoding="utf-8"?>
<PanelName>RM692K0</PanelName>
<PanelDescription>bf369 rm692k0 amoled cmd mode panel with DSC(1172x2748 30bpp)</PanelDescription>
<Group id="Active Timing">
 <HorizontalActive>1172</HorizontalActive>
 <HorizontalFrontPorch>340</HorizontalFrontPorch>
 <HorizontalBackPorch>360</HorizontalBackPorch>
 <HorizontalSyncPulse>8</HorizontalSyncPulse>
 <HorizontalSyncSkew>0</HorizontalSyncSkew>
 <HorizontalLeftBorder>0</HorizontalLeftBorder>
 <HorizontalRightBorder>0</HorizontalRightBorder>
 <VerticalActive>2784</VerticalActive>
 <VerticalFrontPorch>12</VerticalFrontPorch>
 <VerticalBackPorch>12</VerticalBackPorch>
 <VerticalSyncPulse>8</VerticalSyncPulse>
 <VerticalSyncSkew>0</VerticalSyncSkew>
 <VerticalTopBorder>0</VerticalTopBorder>
 <VerticalBottomBorder>0</VerticalBottomBorder>
 <InvertDataPolarity>False</InvertDataPolarity>
 <InvertVsyncPolairty>False</InvertVsyncPolairty>
 <InvertHsyncPolarity>False</InvertHsyncPolarity>
 <BorderColor>0x0</BorderColor>
 <BacklightDefault>50</BacklightDefault>
</Group>
<Group id="Display Interface">
 <InterfaceType>9</InterfaceType>
 <InterfaceColorFormat>3</InterfaceColorFormat>
</Group>
<Group id="DSI Interface">
 <DSIChannelId>2</DSIChannelId>
 <DSIVirtualId>0</DSIVirtualId>
 <DSIColorFormat>36</DSIColorFormat>
 <DSITrafficMode>1</DSITrafficMode>
 <DSILanes>4</DSILanes>
 <DSIRefreshRate>0x3C0000</DSIRefreshRate>
 <DSICmdSwapInterface>False</DSICmdSwapInterface>
 <DSICmdUsingTrigger>False</DSICmdUsingTrigger>
 <DSIEnableAutoRefresh>True</DSIEnableAutoRefresh>
 <DSIAutoRefreshFrameNumDiv>2</DSIAutoRefreshFrameNumDiv>
 <DSIClockHSForceRequest>0</DSIClockHSForceRequest>
 <DSITECheckEnable>True</DSITECheckEnable>
 <DSITEUsingDedicatedTEPin>True</DSITEUsingDedicatedTEPin>
 <DSITEvSyncStartPos>2784</DSITEvSyncStartPos>
 <DSITEvSyncInitVal>2784</DSITEvSyncInitVal>
 <DSICmdModePixelAlignment>1</DSICmdModePixelAlignment>
 <DSILP11AtInit>True</DSILP11AtInit>
 <DSIDSCEnable>True</DSIDSCEnable>
 <DSIDSCMajor>1</DSIDSCMajor>
 <DSIDSCMinor>1</DSIDSCMinor>
 <DSIDSCScr>0</DSIDSCScr>
 <DSIDSCProfileID>0x0B</DSIDSCProfileID>
 <DSIDSCSliceWidth>586</DSIDSCSliceWidth>
 <DSIDSCSliceHeight>12</DSIDSCSliceHeight>
 <DSIDSCSlicePerPacket>2</DSIDSCSlicePerPacket>
 <DSIControllerMapping>
  00
 </DSIControllerMapping>
</Group>
<DSIInitSequence>
15 FE A1
15 50 20
15 FE A3
15 00 01
15 FE D0
15 86 23
15 84 23
15 FE 99
15 1B 23
15 FE 44
15 41 10
15 3D 08
15 08 32
15 17 00
15 18 06
15 19 0F
15 1F 44
15 20 41
15 FE FF
15 63 1C
15 64 1C
15 65 1C
15 66 1C
15 6B 00
15 6C 00
15 6D 00
15 6E 00
15 FE E3
15 73 80
15 FE 00
15 2F 0C
15 6A 10
15 8A 10
15 FA 01
15 C2 08
15 35 00
39 51 0B CD
05 11
ff 78
05 29
ff 14
</DSIInitSequence>
<DSITermSequence>
 05 28
 ff 78
 05 10
 ff 78
</DSITermSequence>
<Group id='Backlight Configuration'>
<BacklightType>3</BacklightType>
<BacklightBitWidth>12</BacklightBitWidth>
<DisplayResetInfo>0 10000 10000 50000 0</DisplayResetInfo>
</Group>

