<?xml version="1.0" encoding="utf-8"?>
<PanelName>NT37801</PanelName>
<PanelDescription>nt37801 amoled cmd mode 120hz dsi csot panel with DSC(1440x3200 24bpp)</PanelDescription>
<Group id="Active Timing">
 <HorizontalActive>1440</HorizontalActive>
 <HorizontalFrontPorch>20</HorizontalFrontPorch>
 <HorizontalBackPorch>20</HorizontalBackPorch>
 <HorizontalSyncPulse>4</HorizontalSyncPulse>
 <HorizontalSyncSkew>0</HorizontalSyncSkew>
 <HorizontalLeftBorder>0</HorizontalLeftBorder>
 <HorizontalRightBorder>0</HorizontalRightBorder>
 <VerticalActive>3200</VerticalActive>
 <VerticalFrontPorch>20</VerticalFrontPorch>
 <VerticalBackPorch>18</VerticalBackPorch>
 <VerticalSyncPulse>2</VerticalSyncPulse>
 <VerticalSyncSkew>0</VerticalSyncSkew>
 <VerticalTopBorder>0</VerticalTopBorder>
 <VerticalBottomBorder>0</VerticalBottomBorder>
 <InvertDataPolarity>False</InvertDataPolarity>
 <InvertVsyncPolairty>False</InvertVsyncPolairty>
 <InvertHsyncPolarity>False</InvertHsyncPolarity>
 <BorderColor>0x0</BorderColor>
</Group>
<Group id="Display Interface">
 <InterfaceType>9</InterfaceType>
 <InterfaceColorFormat>27</InterfaceColorFormat>
</Group>
<Group id="DSI Interface">
 <DSIChannelId>2</DSIChannelId>
 <DSIVirtualId>0</DSIVirtualId>
 <DSIColorFormat>42</DSIColorFormat>
 <DSITrafficMode>1</DSITrafficMode>
 <DSILanes>4</DSILanes>
 <DSICmdSwapInterface>False</DSICmdSwapInterface>
 <DSITECheckEnable>True</DSITECheckEnable>
 <DSITEUsingDedicatedTEPin>True</DSITEUsingDedicatedTEPin>
 <DSITEvSyncStartPos>3200</DSITEvSyncStartPos>
 <DSITEvSyncInitVal>3200</DSITEvSyncInitVal>
 <DSIDSCEnable>True</DSIDSCEnable>
 <DSIDSCMajor>1</DSIDSCMajor>
 <DSIDSCMinor>1</DSIDSCMinor>
 <DSIDSCScr>0</DSIDSCScr>
 <DSIDSCProfileID>11</DSIDSCProfileID>
 <DSIDSCSliceWidth>720</DSIDSCSliceWidth>
 <DSIDSCSliceHeight>40</DSIDSCSliceHeight>
 <DSIDSCSlicePerPacket>2</DSIDSCSlicePerPacket>
   <DSIHsaHseAfterVsVe>False</DSIHsaHseAfterVsVe>
   <DSILowPowerModeInHFP>False</DSILowPowerModeInHFP>
   <DSILowPowerModeInHBP>False</DSILowPowerModeInHBP>
   <DSILowPowerModeInHSA>False</DSILowPowerModeInHSA>
   <DSILowPowerModeInBLLPEOF>True</DSILowPowerModeInBLLPEOF>
   <DSILowPowerModeInBLLP>True</DSILowPowerModeInBLLP>
   <DSIRefreshRate>0x780000</DSIRefreshRate>
 <DSICmdUsingTrigger>False</DSICmdUsingTrigger>
 <DSIEnableAutoRefresh>True</DSIEnableAutoRefresh>
 <DSIAutoRefreshFrameNumDiv>1</DSIAutoRefreshFrameNumDiv>
 <DSIControllerMapping>
  00
 </DSIControllerMapping>
</Group>
<DSIInitSequence>
 39 f0 55 aa 52 08 01
39 c3 19
39 6f 01
39 c5 0b 0b 0b
39 ff aa 55 a5 81
39 6f 02
39 f5 10
39 6f 1b
39 f4 55
39 6f 18
39 f8 19
39 6f 0f
39 fc 00
39 2a 00 00 05 9f
39 2b 00 00 0c 7f
39 90 03
39 91 ab 28 00 28 f2 00 02 c2 03 e1 00 0a 03 14 01 e9 10 f0
39 ff aa 55 a5 81
39 6f 23
39 fb 00 03 04 55 77 77 77 99 9b 10 00 1e 48 9a bb bc de f0 11 30
39 f3 dc
39 26 00
39 35 00
39 3b 00 14 00 2c
39 53 20
39 51 07 ff 07 ff 0f ff
39 5a 01
39 5f 00
39 9c 01
05 2c
39 2f 00
39 f0 55 aa 52 08 01
39 b2 55 01 ff 03
 05 11
 FF 78
 05 29
</DSIInitSequence>
<DSITermSequence>
 05 28
 FF 14
 05 10
 FF 78
</DSITermSequence>
<Group id='Backlight Configuration'>
 <BacklightType>3</BacklightType>
 <BacklightBitWidth>12</BacklightBitWidth>
 <DisplayResetInfo>0 10 1000 10000 0</DisplayResetInfo>
</Group>
