<?xml version="1.0" encoding="utf-8"?>
<PanelName>BOE sw43404 AMOLED fhd</PanelName>
<PanelDescription>BOE Single DSI Cmd Mode AMOLED Panel with DSC (1080x2160 24bpp)</PanelDescription>
<Group id="Active Timing">
 <HorizontalActive>1080</HorizontalActive>
 <HorizontalFrontPorch>160</HorizontalFrontPorch>
 <HorizontalBackPorch>72</HorizontalBackPorch>
 <HorizontalSyncPulse>16</HorizontalSyncPulse>
 <HorizontalSyncSkew>0</HorizontalSyncSkew>
 <HorizontalLeftBorder>0</HorizontalLeftBorder>
 <HorizontalRightBorder>0</HorizontalRightBorder>
 <VerticalActive>2160</VerticalActive>
 <VerticalFrontPorch>8</VerticalFrontPorch>
 <VerticalBackPorch>8</VerticalBackPorch>
 <VerticalSyncPulse>1</VerticalSyncPulse>
 <VerticalSyncSkew>0</VerticalSyncSkew>
 <VerticalTopBorder>0</VerticalTopBorder>
 <VerticalBottomBorder>0</VerticalBottomBorder>
 <InvertDataPolarity>False</InvertDataPolarity>
 <InvertVsyncPolairty>False</InvertVsyncPolairty>
 <InvertHsyncPolarity>False</InvertHsyncPolarity>
 <BorderColor>0x0</BorderColor>
</Group>
<Group id="Display Interface">
 <InterfaceType>9</InterfaceType>
 <InterfaceColorFormat>3</InterfaceColorFormat>
</Group>
<Group id="DSI Interface">
 <DSIChannelId>2</DSIChannelId>
 <DSIVirtualId>0</DSIVirtualId>
 <DSIColorFormat>36</DSIColorFormat>
 <DSITrafficMode>1</DSITrafficMode>
 <DSILanes>4</DSILanes>
 <DSIRefreshRate>0x3C0000</DSIRefreshRate>
 <DSIDisableEoTAfterHSXfer>True</DSIDisableEoTAfterHSXfer>
 <DSICmdSwapInterface>False</DSICmdSwapInterface>
 <DSICmdUsingTrigger>False</DSICmdUsingTrigger>
 <DSIEnableAutoRefresh>True</DSIEnableAutoRefresh>
 <DSIAutoRefreshFrameNumDiv>2</DSIAutoRefreshFrameNumDiv>
 <DSITECheckEnable>True</DSITECheckEnable>
 <DSITEUsingDedicatedTEPin>True</DSITEUsingDedicatedTEPin>
 <DSITEvSyncStartPos>2160</DSITEvSyncStartPos>
 <DSITEvSyncInitVal>2160</DSITEvSyncInitVal>
 <DSIDSCEnable>True</DSIDSCEnable>
 <DSIDSCMajor>1</DSIDSCMajor>
 <DSIDSCMinor>1</DSIDSCMinor>
 <DSIDSCScr>0</DSIDSCScr>
 <DSIDSCProfileID>7</DSIDSCProfileID>
 <DSIDSCSliceWidth>540</DSIDSCSliceWidth>
 <DSIDSCSliceHeight>270</DSIDSCSliceHeight>
 <DSIControllerMapping>
  00
 </DSIControllerMapping>
</Group>
<DSIInitSequence>
39 B0 A5 00
07 01 00
0a 11 00 00 89 30 80 08 70 04 38 02 1c 02 1c 02 1c 02 00 02 0e 00 20 34 29 00 07 00 0C 00 2e 00 31 18 00 10 F0 03 0C 20 00 06 0B 0B 33 0E 1C 2A 38 46 54 62 69 70 77 79 7B 7D 7E 01 02 01 00 09 40 09 BE 19 FC 19 FA 19 F8 1A 38 1A 78 1A B6 2A F6 2B 34 2B 74 3B 74 6B F4 00 00 00 00 00 00 00 00 00 00 00 00 00 00 00 00 00 00 00 00 00 00 00 00 00 00 00 00 00 00 00 00 00 00 00 00 00 00 00 00
39 b0 a5 00
15 5e 10
39 b9 bf 11 40 00 30
39 F8 00 08 10 08 2D 00 00 2D
15 55 08
05 11 00
FF 1E
15 3D 01
39 B0 a5 00
05 35 00
FF 78
05 29 00
FF 3C
</DSIInitSequence>
<DSITermSequence>
 05 28
 05 10
</DSITermSequence>
<Group id='Backlight Configuration'>
 <BacklightType>3</BacklightType>
 <BacklightBitWidth>10</BacklightBitWidth>
 <DisplayResetInfo>0 10 1000 10000 0</DisplayResetInfo>
</Group>
